{"initial_reset_timestamp": 34177.772552602, "timestamps": [34198.843204472], "episode_lengths": [1148], "episode_rewards": [1148.0], "episode_types": ["e"]}